,Stock,Hold,Buy,Sell
0,ABT,0.32399478554725647,0.3715039789676666,0.3045012950897217
1,ABBV,0.32545214891433716,0.3736945390701294,0.30085334181785583
2,ACN,0.32972249388694763,0.36861300468444824,0.30166447162628174
3,ADBE,0.3274722397327423,0.37201809883117676,0.3005096912384033
4,AAP,0.33076587319374084,0.3662327527999878,0.30300143361091614
5,AES,0.32423800230026245,0.37449368834495544,0.30126824975013733
6,AET,0.32441091537475586,0.37391602993011475,0.301673024892807
7,AFL,0.32422512769699097,0.37215885519981384,0.30361607670783997
8,AMG,0.3222855031490326,0.3723989725112915,0.3053154945373535
9,A,0.3269595801830292,0.3727758526802063,0.3002646267414093
10,APD,0.32653680443763733,0.37038135528564453,0.30308184027671814
11,AKAM,0.3293780982494354,0.3683846592903137,0.30223721265792847
12,AA,0.32836541533470154,0.3709128201007843,0.30072179436683655
13,AGN,0.32898205518722534,0.36767080426216125,0.3033472001552582
14,ALXN,0.3246886432170868,0.37478160858154297,0.30052971839904785
15,ALLE,0.3245446979999542,0.37127065658569336,0.3041846752166748
16,ADS,0.3317936956882477,0.37056422233581543,0.29764214158058167
17,ALL,0.3242141902446747,0.37294602394104004,0.3028397262096405
18,ALTR,0.3253752589225769,0.3747875392436981,0.299837201833725
19,MO,0.3232082724571228,0.3749065101146698,0.3018852174282074
20,AMZN,0.32451775670051575,0.3757649064064026,0.29971736669540405
21,AEE,0.3239968419075012,0.3752644956111908,0.30073869228363037
22,AAL,0.33013609051704407,0.3694882094860077,0.30037572979927063
23,AEP,0.32544487714767456,0.37540581822395325,0.29914936423301697
24,AXP,0.32609593868255615,0.373623251914978,0.3002808094024658
25,AIG,0.3252871334552765,0.37196189165115356,0.30275094509124756
26,AMT,0.3294301927089691,0.36700674891471863,0.30356305837631226
27,AMP,0.3226475417613983,0.374299556016922,0.3030528426170349
28,ABC,0.32742545008659363,0.3699951171875,0.30257943272590637
29,AME,0.3275998830795288,0.3719387352466583,0.30046138167381287
30,AMGN,0.32355669140815735,0.3743397891521454,0.3021034896373749
31,APH,0.32296785712242126,0.3721451461315155,0.30488696694374084
32,APC,0.3252609372138977,0.37208449840545654,0.30265453457832336
33,ADI,0.3273504078388214,0.37072157859802246,0.30192801356315613
34,AON,0.3236117959022522,0.37647613883018494,0.29991206526756287
35,APA,0.32473620772361755,0.3726866841316223,0.30257707834243774
36,AIV,0.3337106704711914,0.3676741123199463,0.2986152470111847
37,AMAT,0.32831740379333496,0.37263673543930054,0.2990458607673645
38,ADM,0.32975149154663086,0.36977577209472656,0.3004727065563202
39,AIZ,0.32544606924057007,0.37299424409866333,0.3015596866607666
40,T,0.32444435358047485,0.3734110891819,0.30214452743530273
41,ADSK,0.3266761004924774,0.3732139766216278,0.30010995268821716
42,ADP,0.32612812519073486,0.3707056939601898,0.30316615104675293
43,AN,0.3284620940685272,0.3703652620315552,0.3011726140975952
44,AZO,0.3303167223930359,0.36817383766174316,0.30150943994522095
45,AVGO,0.3217191696166992,0.3758859634399414,0.3023947775363922
46,AVB,0.32070669531822205,0.3768029510974884,0.30249038338661194
47,AVY,0.3279176950454712,0.37384748458862305,0.29823485016822815
48,BLL,0.32429268956184387,0.37329548597335815,0.30241191387176514
49,BAC,0.32770100235939026,0.36904433369636536,0.3032546639442444
50,BK,0.3298598527908325,0.37027937173843384,0.29986074566841125
51,BAX,0.3206236958503723,0.3776594400405884,0.3017169237136841
52,BBT,0.3271773159503937,0.37214234471321106,0.3006802797317505
53,BDX,0.3254246413707733,0.372337281703949,0.3022380769252777
54,BBBY,0.32524657249450684,0.3735589385032654,0.3011944591999054
55,BRK-B,0.3232259452342987,0.3723362386226654,0.3044377863407135
56,BBY,0.3257621228694916,0.3731195330619812,0.30111831426620483
57,BLX,0.3286551237106323,0.3682902455329895,0.30305466055870056
58,HRB,0.32857275009155273,0.37127888202667236,0.3001483976840973
59,BA,0.32805562019348145,0.3695518970489502,0.30239251255989075
60,BWA,0.32974907755851746,0.36854514479637146,0.3017057478427887
61,BXP,0.32526034116744995,0.36932122707366943,0.3054184317588806
62,BMY,0.3285755217075348,0.3666630983352661,0.3047614097595215
63,BF-B,0.3268877863883972,0.3697991371154785,0.3033130466938019
64,CHRW,0.3196100890636444,0.3740327060222626,0.3063572347164154
65,CA,0.3227839469909668,0.37882593274116516,0.29839015007019043
66,COG,0.32415837049484253,0.3718303442001343,0.3040112555027008
67,CPB,0.32383185625076294,0.37275049090385437,0.3034176528453827
68,COF,0.32511571049690247,0.37428712844848633,0.3005971610546112
69,CAH,0.3250267207622528,0.3721054494380951,0.3028678894042969
70,HSIC,0.32721519470214844,0.3702550530433655,0.30252978205680847
71,KMX,0.33176735043525696,0.36950933933258057,0.2987232804298401
72,CCL,0.32425233721733093,0.37322530150413513,0.3025223910808563
73,CAT,0.32507088780403137,0.37084823846817017,0.3040808439254761
74,CBS,0.3285325765609741,0.36932507157325745,0.3021423816680908
75,CELG,0.324766606092453,0.37410247325897217,0.30113089084625244
76,CNP,0.3260799050331116,0.37188348174095154,0.3020366430282593
77,CTL,0.32660001516342163,0.37086451053619385,0.3025354743003845
78,CERN,0.32456332445144653,0.3734443783760071,0.30199235677719116
79,CF,0.3242286145687103,0.37350142002105713,0.30226993560791016
80,SCHW,0.32948654890060425,0.36679139733314514,0.303722083568573
81,CHK,0.3264453113079071,0.3729059100151062,0.3006487488746643
82,CVX,0.3305966556072235,0.3688499331474304,0.30055350065231323
83,CMG,0.32807910442352295,0.3683479428291321,0.30357295274734497
84,CB,0.33302369713783264,0.37116965651512146,0.2958066761493683
85,CI,0.32873013615608215,0.36929023265838623,0.30197957158088684
86,XEC,0.3292940557003021,0.37116414308547974,0.29954180121421814
87,CINF,0.32291680574417114,0.376213014125824,0.3008701503276825
88,CTAS,0.32723039388656616,0.3704260587692261,0.30234357714653015
89,CSCO,0.32862117886543274,0.37038666009902954,0.3009921908378601
90,C,0.32436826825141907,0.3759845495223999,0.29964715242385864
91,CTXS,0.3289560079574585,0.3701336979866028,0.30091026425361633
92,CLX,0.326829731464386,0.3680713474750519,0.30509889125823975
93,CME,0.3272444009780884,0.37182238698005676,0.30093321204185486
94,CMS,0.3331822156906128,0.3672429621219635,0.2995748519897461
95,KO,0.3223496377468109,0.37533217668533325,0.30231815576553345
96,CCE,0.3218786120414734,0.37230774760246277,0.30581367015838623
97,CTSH,0.3269975781440735,0.37295448780059814,0.300047904253006
98,CL,0.3248785138130188,0.37627196311950684,0.298849493265152
99,CMCSA,0.32242023944854736,0.37621942162513733,0.30136027932167053
100,CMA,0.3237655460834503,0.3739747405052185,0.3022597134113312
101,CAG,0.3271563649177551,0.37324413657188416,0.2995995581150055
102,COP,0.3233988583087921,0.37470725178718567,0.30189386010169983
103,CNX,0.3282347023487091,0.3706265985965729,0.3011387288570404
104,ED,0.3263113498687744,0.37329766154289246,0.3003910481929779
105,STZ,0.32596418261528015,0.37334465980529785,0.300691157579422
106,GLW,0.3276934027671814,0.3696892559528351,0.30261731147766113
107,COST,0.3272891640663147,0.3704368770122528,0.3022739887237549
108,CCI,0.32575681805610657,0.3721597492694855,0.30208343267440796
109,CSX,0.32778435945510864,0.37274137139320374,0.2994742691516876
110,CMI,0.3227269947528839,0.37412312626838684,0.30314987897872925
111,CVS,0.32216784358024597,0.3741193413734436,0.30371278524398804
112,DHI,0.32279863953590393,0.37500685453414917,0.3021945059299469
113,DHR,0.32642123103141785,0.3688807785511017,0.30469799041748047
114,DRI,0.3291514813899994,0.3692623972892761,0.3015860617160797
115,DVA,0.3276025056838989,0.36919745802879333,0.3032000660896301
116,DE,0.32472750544548035,0.3733457326889038,0.3019268214702606
117,DLPH,0.32761505246162415,0.36944395303726196,0.3029409348964691
118,DAL,0.32115989923477173,0.37974342703819275,0.2990967035293579
119,XRAY,0.3248082101345062,0.3731845021247864,0.3020072877407074
120,DVN,0.326346755027771,0.3695870637893677,0.30406612157821655
121,DO,0.3240971863269806,0.37604793906211853,0.2998548448085785
122,DTV,0.3276023864746094,0.3723047971725464,0.3000928461551666
123,DFS,0.3287206292152405,0.3699273467063904,0.30135205388069153
124,DISCA,0.32908010482788086,0.3673299252986908,0.3035898804664612
125,DISCK,0.3250426650047302,0.3748391568660736,0.30011820793151855
126,DG,0.325808584690094,0.3727261424064636,0.3014652729034424
127,DLTR,0.32842597365379333,0.36875322461128235,0.3028208315372467
128,D,0.3255365192890167,0.37225162982940674,0.30221179127693176
129,DOV,0.31860804557800293,0.37882813811302185,0.30256387591362
130,DTE,0.327789306640625,0.3709523379802704,0.301258385181427
131,DUK,0.32984405755996704,0.37010279297828674,0.30005311965942383
132,DNB,0.32266703248023987,0.3729829788208008,0.30434995889663696
133,ETFC,0.32876911759376526,0.37318095564842224,0.2980498969554901
134,EMN,0.3329290747642517,0.36784517765045166,0.29922568798065186
135,ETN,0.32442378997802734,0.3747866451740265,0.30078956484794617
136,EBAY,0.3211205303668976,0.3748832046985626,0.3039962649345398
137,ECL,0.32753321528434753,0.3691633343696594,0.30330339074134827
138,EIX,0.3244178295135498,0.3780607283115387,0.2975214421749115
139,EW,0.3300986886024475,0.3679462671279907,0.30195504426956177
140,EA,0.32845085859298706,0.37285366654396057,0.29869553446769714
141,EMR,0.3213046193122864,0.377668172121048,0.3010272979736328
142,ENDP,0.325484037399292,0.37370026111602783,0.3008157014846802
143,ESV,0.3231180012226105,0.3764660656452179,0.30041590332984924
144,ETR,0.3290504813194275,0.37241601943969727,0.29853352904319763
145,EOG,0.32392895221710205,0.37611520290374756,0.29995590448379517
146,EQT,0.3249936103820801,0.37610819935798645,0.29889822006225586
147,EFX,0.3262518346309662,0.3712446391582489,0.3025035560131073
148,EQIX,0.32076817750930786,0.3763514459133148,0.3028804063796997
149,EQR,0.32548201084136963,0.36922314763069153,0.3052949011325836
150,ESS,0.3312779366970062,0.36853155493736267,0.3001904785633087
151,EL,0.32785725593566895,0.37208613753318787,0.3000566363334656
152,ES,0.3249680995941162,0.37275826930999756,0.30227360129356384
153,EXC,0.3280254602432251,0.3709760308265686,0.3009985089302063
154,EXPE,0.32710984349250793,0.36982855200767517,0.3030616044998169
155,EXPD,0.3264158070087433,0.3724837303161621,0.30110040307044983
156,ESRX,0.3283863365650177,0.3683626651763916,0.3032509386539459
157,XOM,0.3257412910461426,0.37016332149505615,0.30409538745880127
158,FFIV,0.32073548436164856,0.37387946248054504,0.3053850531578064
159,FB,0.32349300384521484,0.374239981174469,0.30226701498031616
160,FAST,0.3227398097515106,0.37336021661758423,0.30389994382858276
161,FDX,0.32377997040748596,0.37462732195854187,0.30159270763397217
162,FIS,0.3289908468723297,0.3698548972606659,0.301154226064682
163,FITB,0.329837828874588,0.36630022525787354,0.3038618862628937
164,FSLR,0.3267759084701538,0.37073105573654175,0.30249303579330444
165,FE,0.32788559794425964,0.37304985523223877,0.2990645170211792
166,FLIR,0.3245333731174469,0.374689519405365,0.3007771372795105
167,FLS,0.3278733491897583,0.36844348907470703,0.3036831319332123
168,FLR,0.3264558017253876,0.36959171295166016,0.3039524555206299
169,FMC,0.3276956081390381,0.3730240762233734,0.2992803156375885
170,FTI,0.32498425245285034,0.3734498620033264,0.30156588554382324
171,F,0.3242228627204895,0.3746846616268158,0.3010924458503723
172,FOSL,0.32482782006263733,0.37583887577056885,0.2993333339691162
173,BEN,0.3203502297401428,0.37757426500320435,0.30207544565200806
174,FCX,0.3233533203601837,0.3766978681087494,0.29994887113571167
175,FTR,0.3287462890148163,0.36905038356781006,0.30220332741737366
176,GME,0.3244979679584503,0.37252458930015564,0.30297744274139404
177,GPS,0.3250519037246704,0.3727952539920807,0.3021528422832489
178,GRMN,0.3228146731853485,0.37380751967430115,0.30337783694267273
179,GD,0.3236429989337921,0.37666839361190796,0.29968854784965515
180,GE,0.3278263211250305,0.3703082799911499,0.3018653690814972
181,GGP,0.3252662122249603,0.3739118278026581,0.300821989774704
182,GIS,0.32505515217781067,0.37219494581222534,0.3027498424053192
183,GM,0.32790765166282654,0.3679537773132324,0.30413857102394104
184,GPC,0.3301135003566742,0.36825740337371826,0.3016291558742523
185,GNW,0.32602816820144653,0.3730200529098511,0.3009517788887024
186,GILD,0.3261265456676483,0.3699503242969513,0.303923100233078
187,GS,0.32761478424072266,0.36691442131996155,0.3054707944393158
188,GT,0.3261840343475342,0.3694387674331665,0.3043772876262665
189,GOOGL,0.3219575583934784,0.3745385706424713,0.30350378155708313
190,GOOG,0.3271156847476959,0.37248989939689636,0.3003944754600525
191,GWW,0.3291657269001007,0.36918848752975464,0.30164581537246704
192,HAL,0.32498031854629517,0.3755241334438324,0.2994955778121948
193,HBI,0.32788246870040894,0.3706684410572052,0.3014490306377411
194,HOG,0.3289928436279297,0.3697187602519989,0.3012884259223938
195,HRS,0.325663298368454,0.3746609687805176,0.29967570304870605
196,HIG,0.3285398483276367,0.37118279933929443,0.3002772927284241
197,HAS,0.32686465978622437,0.3720038831233978,0.3011314272880554
198,HCA,0.32274487614631653,0.3751143217086792,0.3021408021450043
199,HCP,0.3284958600997925,0.37270453572273254,0.2987995743751526
200,HP,0.32629403471946716,0.37048232555389404,0.3032236397266388
201,HES,0.3245141804218292,0.37118294835090637,0.3043028712272644
202,HPQ,0.3259979784488678,0.37298476696014404,0.30101722478866577
203,HD,0.3235471248626709,0.3749621510505676,0.3014906942844391
204,HON,0.3231549561023712,0.3745458722114563,0.3022992014884949
205,HRL,0.3315056562423706,0.367693692445755,0.3008006513118744
206,HST,0.3250119388103485,0.3713935613632202,0.3035944998264313
207,HUM,0.3277340531349182,0.3687175214290619,0.3035484552383423
208,HBAN,0.3276350796222687,0.37572330236434937,0.29664161801338196
209,ITW,0.3270331919193268,0.3724740147590637,0.3004927635192871
210,IR,0.3295210301876068,0.3727024495601654,0.2977764904499054
211,INTC,0.32672053575515747,0.3720775842666626,0.30120187997817993
212,ICE,0.32567062973976135,0.3736782371997833,0.30065107345581055
213,IBM,0.3251296281814575,0.3744511604309082,0.3004192113876343
214,IP,0.32030928134918213,0.3778096139431,0.3018811047077179
215,IPG,0.32884493470191956,0.37467166781425476,0.2964833676815033
216,IFF,0.324238121509552,0.3735910654067993,0.30217084288597107
217,INTU,0.3320537209510803,0.36984771490097046,0.29809850454330444
218,ISRG,0.3278205692768097,0.3701206147670746,0.3020588159561157
219,IVZ,0.32926633954048157,0.36783891916275024,0.3028947710990906
220,IRM,0.3258358836174011,0.37386026978492737,0.3003038167953491
221,JEC,0.32586970925331116,0.37050676345825195,0.3036235570907593
222,JBHT,0.32583171129226685,0.37214773893356323,0.3020205497741699
223,JNJ,0.32122525572776794,0.3737192451953888,0.3050554692745209
224,JCI,0.3273816704750061,0.36863765120506287,0.30398067831993103
225,JPM,0.32609322667121887,0.371864914894104,0.3020419180393219
226,JNPR,0.32669833302497864,0.37470096349716187,0.2986007332801819
227,KSU,0.3239576518535614,0.3733850121498108,0.3026573657989502
228,K,0.33006399869918823,0.36837804317474365,0.3015579879283905
229,KEY,0.3264806270599365,0.3716532588005066,0.3018661141395569
230,KMB,0.3252507150173187,0.3739467263221741,0.3008025288581848
231,KIM,0.32987019419670105,0.3705523908138275,0.2995774447917938
232,KMI,0.3222300708293915,0.3764123320579529,0.30135756731033325
233,KLAC,0.33039167523384094,0.3692791759967804,0.3003291189670563
234,KSS,0.3287682831287384,0.37168648838996887,0.2995452582836151
235,KR,0.3227803409099579,0.3755394220352173,0.3016802966594696
236,LB,0.32320520281791687,0.37382182478904724,0.30297303199768066
237,LLL,0.32150569558143616,0.376313716173172,0.30218055844306946
238,LH,0.3243563175201416,0.372031033039093,0.3036125898361206
239,LRCX,0.3235539197921753,0.37200188636779785,0.30444419384002686
240,LM,0.3253653943538666,0.3725413382053375,0.3020932972431183
241,LEG,0.3293933570384979,0.3675711452960968,0.30303552746772766
242,LEN,0.3285682797431946,0.3691481947898865,0.3022835850715637
243,LLY,0.3248544931411743,0.37213248014450073,0.30301302671432495
244,LNC,0.32896408438682556,0.3711892068386078,0.29984673857688904
245,LMT,0.3283052146434784,0.37031447887420654,0.30138030648231506
246,L,0.32306212186813354,0.3772660195827484,0.2996719181537628
247,LOW,0.3271557092666626,0.3742361068725586,0.2986081838607788
248,LYB,0.32091420888900757,0.3741469383239746,0.3049388527870178
249,MTB,0.3219181001186371,0.37650588154792786,0.30157601833343506
250,MAC,0.3344777822494507,0.36465728282928467,0.3008649945259094
251,M,0.32991912961006165,0.3722384572029114,0.2978423833847046
252,MNK,0.3274022340774536,0.37022101879119873,0.3023766875267029
253,MRO,0.32457688450813293,0.37465032935142517,0.30077284574508667
254,MPC,0.3315516710281372,0.36842280626296997,0.30002549290657043
255,MAR,0.32835543155670166,0.37306708097457886,0.2985774874687195
256,MMC,0.3273455500602722,0.37135863304138184,0.30129578709602356
257,MLM,0.3207358717918396,0.3756069839000702,0.3036571443080902
258,MAS,0.32679760456085205,0.3707946538925171,0.30240774154663086
259,MA,0.33106595277786255,0.37077271938323975,0.2981613576412201
260,MAT,0.32463937997817993,0.37546586990356445,0.2998947501182556
261,MKC,0.3240494430065155,0.3717134892940521,0.3042370676994324
262,MCD,0.33398494124412537,0.36831486225128174,0.2977001965045929
263,MCK,0.32583510875701904,0.3725764751434326,0.30158838629722595
264,MMV,0.32797834277153015,0.3719780445098877,0.30004358291625977
265,MDT,0.32688790559768677,0.373771995306015,0.29934003949165344
266,MRK,0.3213953375816345,0.37462693452835083,0.30397772789001465
267,MET,0.3245103657245636,0.3727375864982605,0.3027520477771759
268,KORS,0.3271366357803345,0.37050512433052063,0.3023582398891449
269,MCHP,0.3203513026237488,0.3774366080760956,0.30221208930015564
270,MU,0.3256196975708008,0.373076468706131,0.30130383372306824
271,MSFT,0.32358595728874207,0.378856897354126,0.2975570857524872
272,MHK,0.3298063278198242,0.37030866742134094,0.2998850643634796
273,TAP,0.32504990696907043,0.37328654527664185,0.30166351795196533
274,MDLZ,0.3250029981136322,0.37264519929885864,0.30235177278518677
275,MNST,0.32552799582481384,0.37303590774536133,0.3014361262321472
276,MCO,0.33075281977653503,0.3685036301612854,0.30074355006217957
277,MS,0.3228558301925659,0.3768558204174042,0.3002883195877075
278,MOS,0.3292377293109894,0.36768314242362976,0.30307912826538086
279,MSI,0.325096994638443,0.37293609976768494,0.30196690559387207
280,MUR,0.3250184655189514,0.3723243772983551,0.3026571273803711
281,MYL,0.3296454846858978,0.3708161413669586,0.29953837394714355
282,NDAQ,0.32443752884864807,0.37341511249542236,0.3021472692489624
283,NOV,0.32883352041244507,0.3701227009296417,0.3010437786579132
284,NAVI,0.32783740758895874,0.37211233377456665,0.3000502586364746
285,NTAP,0.32062873244285583,0.37826991081237793,0.30110132694244385
286,NFLX,0.3248429000377655,0.372324138879776,0.3028329908847809
287,NWL,0.32906484603881836,0.36845335364341736,0.3024817705154419
288,NFX,0.3274573087692261,0.36992889642715454,0.3026137948036194
289,NEM,0.3318062424659729,0.36927101016044617,0.29892271757125854
290,NWSA,0.3273772895336151,0.37025535106658936,0.30236732959747314
291,NEE,0.330108642578125,0.3669813871383667,0.3029100000858307
292,NLSN,0.3213098645210266,0.3777049779891968,0.3009851574897766
293,NKE,0.32511159777641296,0.37296178936958313,0.3019266426563263
294,NI,0.32347312569618225,0.3711186647415161,0.30540820956230164
295,NE,0.32247740030288696,0.3769229054450989,0.3005996346473694
296,NBL,0.32848063111305237,0.36999866366386414,0.3015207350254059
297,JWN,0.3253135681152344,0.3740910589694977,0.30059540271759033
298,NSC,0.3275107741355896,0.36952391266822815,0.30296531319618225
299,NTRS,0.3286117911338806,0.3701680302619934,0.30122020840644836
300,NOC,0.3293779790401459,0.3688923716545105,0.301729679107666
301,NRG,0.327554315328598,0.37195101380348206,0.3004947006702423
302,NUE,0.3242419958114624,0.372354120016098,0.30340391397476196
303,NVDA,0.32871583104133606,0.37106943130493164,0.3002147078514099
304,ORLY,0.330917090177536,0.36885762214660645,0.30022528767585754
305,OXY,0.32748720049858093,0.3695051968097687,0.3030076324939728
306,OMC,0.32681572437286377,0.3720833659172058,0.3011009097099304
307,OKE,0.3234612047672272,0.37265005707740784,0.303888738155365
308,ORCL,0.3233652710914612,0.3727811276912689,0.3038536012172699
309,OI,0.32325196266174316,0.37515518069267273,0.3015928566455841
310,PCAR,0.32691773772239685,0.3724847137928009,0.30059757828712463
311,PH,0.3266758322715759,0.37040644884109497,0.3029176890850067
312,PDCO,0.3299040198326111,0.36909642815589905,0.30099958181381226
313,PAYX,0.3285251557826996,0.36894527077674866,0.30252957344055176
314,PNR,0.32413947582244873,0.3744284510612488,0.3014320135116577
315,PBCT,0.32756108045578003,0.3711315989494324,0.30130735039711
316,PEP,0.32815513014793396,0.3703176975250244,0.3015272319316864
317,PKI,0.32443472743034363,0.3749449849128723,0.30062034726142883
318,PRGO,0.3258908987045288,0.3719364106655121,0.3021726608276367
319,PFE,0.3227854073047638,0.37297776341438293,0.30423685908317566
320,PCG,0.3327030539512634,0.3658989667892456,0.30139797925949097
321,PM,0.32880547642707825,0.37036511301994324,0.3008294105529785
322,PSX,0.3219539225101471,0.3764282464981079,0.301617830991745
323,PNW,0.32707449793815613,0.37014925479888916,0.3027763068675995
324,PXD,0.3276321291923523,0.3700951337814331,0.302272766828537
325,PBI,0.3259516656398773,0.37358981370925903,0.3004585802555084
326,PNC,0.3217563331127167,0.37166962027549744,0.3065740168094635
327,RL,0.32755520939826965,0.37147778272628784,0.3009670674800873
328,PPG,0.33005625009536743,0.36805617809295654,0.3018876314163208
329,PPL,0.32312944531440735,0.37411531805992126,0.30275529623031616
330,PX,0.32509246468544006,0.3738325536251068,0.30107492208480835
331,PFG,0.3323499858379364,0.3684741258621216,0.2991759479045868
332,PG,0.3273601531982422,0.37059280276298523,0.3020469844341278
333,PGR,0.3264943063259125,0.36865174770355225,0.30485397577285767
334,PLD,0.32284778356552124,0.37754595279693604,0.29960623383522034
335,PRU,0.3239593803882599,0.37455397844314575,0.30148664116859436
336,PEG,0.3313058614730835,0.3711727559566498,0.2975214421749115
337,PSA,0.3267562687397003,0.36966636776924133,0.30357736349105835
338,PHM,0.3245702385902405,0.37206360697746277,0.30336615443229675
339,PVH,0.32595324516296387,0.372378945350647,0.30166780948638916
340,QRVO,0.3247840106487274,0.37289464473724365,0.3023213744163513
341,PWR,0.32880136370658875,0.37285611033439636,0.29834258556365967
342,QCOM,0.3313966393470764,0.3674508333206177,0.30115246772766113
343,DGX,0.3238348066806793,0.3729240298271179,0.30324113368988037
344,RRC,0.3245084881782532,0.37145960330963135,0.3040319085121155
345,RTN,0.325641393661499,0.3744189143180847,0.29993969202041626
346,O,0.3253662884235382,0.37259483337402344,0.30203884840011597
347,RHT,0.3253108263015747,0.37510964274406433,0.2995795011520386
348,REGN,0.3258386254310608,0.36987996101379395,0.30428141355514526
349,RF,0.3285517990589142,0.37068960070610046,0.30075863003730774
350,RSG,0.3296733498573303,0.3690303862094879,0.30129626393318176
351,RHI,0.32752713561058044,0.3691360652446747,0.3033367693424225
352,ROK,0.32666513323783875,0.3696381449699402,0.30369672179222107
353,COL,0.32689744234085083,0.3702223598957062,0.302880197763443
354,ROP,0.3347131311893463,0.3664587140083313,0.2988280951976776
355,ROST,0.3245968520641327,0.3708791732788086,0.3045239746570587
356,RLC,0.3202987313270569,0.37578874826431274,0.30391252040863037
357,R,0.3274201452732086,0.37205854058265686,0.3005213439464569
358,CRM,0.3290857672691345,0.3721955120563507,0.29871872067451477
359,SCG,0.32847121357917786,0.37040433287620544,0.3011244237422943
360,SLB,0.3262273967266083,0.37231770157814026,0.30145493149757385
361,STX,0.3306836783885956,0.37041953206062317,0.29889678955078125
362,SEE,0.323891282081604,0.37183237075805664,0.30427631735801697
363,SRE,0.3254045248031616,0.3728155791759491,0.30177992582321167
364,SHW,0.3215985596179962,0.37514039874076843,0.30326104164123535
365,SPG,0.32666897773742676,0.3692876994609833,0.3040432929992676
366,SWKS,0.3263624608516693,0.3711417317390442,0.3024957776069641
367,SLG,0.3234875500202179,0.37190955877304077,0.30460289120674133
368,SJM,0.3268454372882843,0.372431218624115,0.3007233142852783
369,SNA,0.3276597559452057,0.3700408637523651,0.3022993206977844
370,SO,0.32926276326179504,0.36926260590553284,0.3014746606349945
371,LUV,0.3254173994064331,0.37072595953941345,0.30385667085647583
372,SWN,0.3229595422744751,0.3721056580543518,0.3049348294734955
373,SE,0.3254414498806,0.3710571229457855,0.3035014271736145
374,SWK,0.3242238163948059,0.3712727129459381,0.3045034408569336
375,SBUX,0.33210092782974243,0.3699173629283905,0.2979816496372223
376,STT,0.3307115435600281,0.36996883153915405,0.29931965470314026
377,SRCL,0.32231608033180237,0.3750205338001251,0.3026633560657501
378,SYK,0.3225760757923126,0.37662285566329956,0.3008011281490326
379,STI,0.32427167892456055,0.37414029240608215,0.3015880286693573
380,SYMC,0.3215547502040863,0.375437468290329,0.3030078113079071
381,SYY,0.3320535123348236,0.3674645721912384,0.3004818856716156
382,TROW,0.32975852489471436,0.3690524697303772,0.30118900537490845
383,TGT,0.32806867361068726,0.3729948401451111,0.29893651604652405
384,TEL,0.32561829686164856,0.37142372131347656,0.3029579520225525
385,TGNA,0.3263317942619324,0.3700222074985504,0.30364593863487244
386,THC,0.3236357569694519,0.37362420558929443,0.3027400076389313
387,TDC,0.3262992799282074,0.37633123993873596,0.29736945033073425
388,TXN,0.3302313983440399,0.37053316831588745,0.299235463142395
389,TXT,0.32604649662971497,0.37088295817375183,0.3030704855918884
390,HSY,0.3218706250190735,0.37485772371292114,0.303271621465683
391,TRV,0.32717379927635193,0.3703230917453766,0.30250313878059387
392,TMO,0.3314102292060852,0.3686729073524475,0.2999168932437897
393,TIF,0.3295583724975586,0.36845633387565613,0.3019852638244629
394,TMK,0.32885852456092834,0.3679947555065155,0.3031467795372009
395,TSS,0.3300414979457855,0.369224488735199,0.3007340431213379
396,TSCO,0.3269244432449341,0.3718300461769104,0.30124548077583313
397,RIG,0.328020840883255,0.37112295627593994,0.3008561432361603
398,TRIP,0.3278637230396271,0.3712177574634552,0.30091848969459534
399,FOXA,0.3299216628074646,0.3673613965511322,0.3027169406414032
400,TSN,0.33353763818740845,0.36855289340019226,0.2979094684123993
401,UA,0.3297981023788452,0.3667009472846985,0.3035010099411011
402,UNP,0.3276905417442322,0.3728637993335724,0.29944562911987305
403,UNH,0.3265502154827118,0.36986640095710754,0.3035833537578583
404,UPS,0.32621529698371887,0.3722649812698364,0.3015197217464447
405,URI,0.33022943139076233,0.368035227060318,0.3017353117465973
406,UTX,0.32767319679260254,0.3723968267440796,0.29992997646331787
407,UHS,0.3328654170036316,0.36545300483703613,0.3016815781593323
408,UNM,0.32489490509033203,0.373422235250473,0.3016829192638397
409,URBN,0.33116814494132996,0.3670114278793335,0.30182042717933655
410,VFC,0.32778021693229675,0.3720185458660126,0.30020126700401306
411,VLO,0.33033671975135803,0.3714378774166107,0.29822543263435364
412,VAR,0.326339453458786,0.3732733130455017,0.3003872334957123
413,VTR,0.33082857728004456,0.36892950534820557,0.30024194717407227
414,VRSN,0.32667988538742065,0.37181976437568665,0.3015003204345703
415,VZ,0.3290245234966278,0.3707360625267029,0.3002394437789917
416,VRTX,0.32234659790992737,0.37522077560424805,0.30243268609046936
417,VIAB,0.3166380822658539,0.3807820975780487,0.3025798499584198
418,V,0.3255774974822998,0.37033355236053467,0.3040890097618103
419,VNO,0.33067163825035095,0.3686757981777191,0.30065256357192993
420,VMC,0.32853978872299194,0.37121739983558655,0.3002428412437439
421,WMT,0.32602304220199585,0.37349796295166016,0.3004790246486664
422,WBA,0.33407291769981384,0.368350625038147,0.2975763976573944
423,DIS,0.3229941725730896,0.37722593545913696,0.2997799217700958
424,WM,0.32639405131340027,0.37129077315330505,0.3023151755332947
425,WAT,0.3263791799545288,0.37273770570755005,0.30088314414024353
426,ANTM,0.32732918858528137,0.37256115674972534,0.3001096546649933
427,WFC,0.32798004150390625,0.3697078824043274,0.30231204628944397
428,WDC,0.3227953612804413,0.37204256653785706,0.30516210198402405
429,WU,0.3267592191696167,0.3730567693710327,0.300184041261673
430,WY,0.32625335454940796,0.37206605076789856,0.30168062448501587
431,WHR,0.32703065872192383,0.369106650352478,0.30386266112327576
432,WMB,0.33065593242645264,0.3682732582092285,0.3010708689689636
433,WEC,0.3237808048725128,0.3773406744003296,0.2988784909248352
434,WYNN,0.3270528316497803,0.3709924519062042,0.3019547164440155
435,XEL,0.3267276883125305,0.37262335419654846,0.300648957490921
436,XRX,0.32931941747665405,0.36884891986846924,0.30183160305023193
437,XLNX,0.32500994205474854,0.37173348665237427,0.30325648188591003
438,XL,0.32991015911102295,0.3714084029197693,0.29868143796920776
439,XYL,0.3311339318752289,0.3688456118106842,0.3000204563140869
440,YUM,0.33102357387542725,0.3669123649597168,0.30206406116485596
441,ZBH,0.3255273103713989,0.3704387843608856,0.30403390526771545
442,ZION,0.3314944803714752,0.3691277503967285,0.2993777394294739
443,ZTS,0.33156484365463257,0.3688569962978363,0.29957807064056396
